"","Treatment","PC_1","PN_1","CN_1","Chl_1","DOC_1","pEPS_1","dEPS_1","PO4_1","SIO4_1","NO3_1","NO2_1","NH4_1"
"1","20ppt, +3C",10.7777100226965,1.27032804162285,0.148436293854749,1.35004938181288,46.6620513193895,5.71065962331265,66.6635515105519,0.364280112001739,1.36931856532121,5.58453519402761,0.0115470053837925,0.0115470053837925
"2","35ppt, 0C",13.7644118411697,1.7105067475264,0.162583311976763,1.11637807216014,56.6392531730425,4.72030719339324,24.8689454943309,0.283607710285414,0.78449559165959,3.18317975196711,0.0115470053837925,0.0321455025366432
"3","50ppt, -3C",2.43242677176518,0.320208265560609,0.0611010092660779,0.656429737291053,15.0260191002141,4.57541619236254,82.9011990263108,0.216564078277077,2.83665883273498,10.9563695325292,0.00577350269189626,0.0642910050732864
