"","Treatment","PC_1","PN_1","CN_1","Chl_1","DOC_1","pEPS_1","dEPS_1","PO4_1","SIO4_1","NO3_1","NO2_1","NH4_1"
"1","20ppt, +3C",119.763333333333,15.7533333333333,7.59666666666667,18.2833333333333,965.576666666667,37.2666666666667,84.64,34.5,134.296666666667,821.193333333333,0.196666666666667,0.00666666666666667
"2","35ppt, 0C",119.916666666667,19.4466666666667,6.15666666666667,23.26,984.45,35.55,203.835,34.4866666666667,124.186666666667,806.966666666667,0.213333333333333,0.0833333333333333
"3","50ppt, -3C",61.48,9.83666666666667,6.24666666666667,9.32,913.125,15.4433333333333,479.35,35.93,117.463333333333,820.366666666667,0.156666666666667,0.0466666666666667
