,Treatment,PC_ave,PC_sd,PN_ave,PN_sd,CN_ave,CN_sd,Chl_ave,Chl_sd,DOC_ave,DOC_sd,pEPS_ave,pEPS_sd,dEPS_ave,dEPS_sd,PO4_ave,PO4_sd,SIO4_ave,SIO4_sd,NO3_ave,NO3_sd,NO2_ave,NO2_sd,NH4_ave,NH4_sd
1,"20ppt, +3C",119.7633333,10.77771002,15.75333333,1.270328042,7.596666667,0.148436294,18.28333333,1.350049382,965.5766667,46.66205132,37.26666667,5.710659623,84.64,66.66355151,34.5,0.364280112,134.2966667,1.369318565,821.1933333,5.584535194,0.196666667,0.011547005,0.006666667,0.011547005
2,"35ppt, 0C",119.9166667,13.76441184,19.44666667,1.710506748,6.156666667,0.162583312,23.26,1.116378072,984.45,56.63925317,35.55,4.720307193,203.835,24.86894549,34.48666667,0.28360771,124.1866667,0.784495592,806.9666667,3.183179752,0.213333333,0.011547005,0.083333333,0.032145503
3,"50ppt, -3C",61.48,2.432426772,9.836666667,0.320208266,6.246666667,0.061101009,9.32,0.656429737,913.125,15.0260191,15.44333333,4.575416192,479.35,82.90119903,35.93,0.216564078,117.4633333,2.836658833,820.3666667,10.95636953,0.156666667,0.005773503,0.046666667,0.064291005